model,epoch,train_loss,val_loss,val_acc_pct
RNN,1,9.212205,9.214572,0.0100
RNN,2,8.955740,9.351406,0.0250
RNN,3,7.896350,9.697374,0.0000
RNN,4,6.704402,10.084097,0.0100
RNN,5,5.656503,10.498911,0.0100
LSTM,1,9.210868,9.210623,0.0100
LSTM,2,9.181666,9.228024,0.0050
LSTM,3,9.046389,9.334137,0.0150
LSTM,4,8.788439,9.518628,0.0200
LSTM,5,8.369478,9.849759,0.0050
