model,epoch,train_loss,val_loss,val_acc_pct
RNN,1,9.216201,9.217421,0.0100
RNN,2,8.943028,9.298928,0.0500
RNN,3,8.056540,9.530622,0.0300
RNN,4,6.879842,9.789265,0.0000
LSTM,1,9.211212,9.210933,0.0100
LSTM,2,9.164771,9.259133,0.0200
LSTM,3,9.006203,9.359390,0.0000
LSTM,4,8.732115,9.598844,0.0000
