model,epoch,train_loss,val_loss,val_acc_pct
RNN,1,9.217872,9.224950,0.0150
RNN,2,9.078195,9.306281,0.0150
RNN,3,8.476407,9.546512,0.0000
RNN,4,7.555019,9.874442,0.0150
LSTM,1,9.211307,9.210808,0.0050
LSTM,2,9.179677,9.236855,0.0050
LSTM,3,9.006838,9.352271,0.0200
LSTM,4,8.603968,9.651340,0.0050
