model,window_size,dataset_type,epoch,train_loss,val_loss,test_loss,test_accuracy,perplexity,random_baseline,gradient_norm_mean
RNN,1,short,14,0.517073819243813,0.5169874313485713,0.5170618346953664,0.6790306429000601,1.677092827628719,9.210340371976184,0.584452044467225
RNN,2,short,10,4.20924833480726e-08,3.838539739782103e-08,3.85394789755577e-08,1.0,1.0000000385394796,9.210340371976184,0.0306972683144822
RNN,3,short,12,4.063855170033722e-08,2.8233651595273706e-08,2.7499549051485233e-08,1.0,1.0000000274995495,9.210340371976184,0.03317125701383686
LSTM,1,short,13,0.5130604336456036,0.5116243945141308,0.5123349334012762,0.6796715401562187,1.6691840820272132,9.210340371976184,0.48459460362411366
LSTM,2,short,15,4.623788765344034e-08,4.49930712064587e-08,4.5320059179669314e-08,1.0,1.0000000453200601,9.210340371976184,0.06849015861878845
LSTM,3,short,15,6.144843223667325e-08,6.021593263030683e-08,5.927277325504632e-08,1.0,1.000000059272775,9.210340371976184,0.10313599179158257
LSTM,2,long,4,1.4846309887364506,1.505349056816101,1.5051417186737062,0.74311875,4.504791998200396,9.210340371976184,0.3943051458209515
